{
	"start":	{
		"connected":	[{
				"socket":	7,
				"local_host":	"10.1.1.2",
				"local_port":	54592,
				"remote_host":	"10.1.6.2",
				"remote_port":	5201
			}],
		"version":	"iperf 3.7",
		"system_info":	"Linux ip-172-31-23-142 5.11.0-1020-aws #21~20.04.2-Ubuntu SMP Fri Oct 1 13:03:59 UTC 2021 x86_64",
		"timestamp":	{
			"time":	"Fri, 19 Nov 2021 03:42:43 GMT",
			"timesecs":	1637293363
		},
		"connecting_to":	{
			"host":	"10.1.6.2",
			"port":	5201
		},
		"cookie":	"kmixzfakid6nckwa4z6dwoylwvpafeo3mrh2",
		"tcp_mss_default":	1448,
		"sock_bufsize":	0,
		"sndbuf_actual":	87380,
		"rcvbuf_actual":	87380,
		"test_start":	{
			"protocol":	"TCP",
			"num_streams":	1,
			"blksize":	131072,
			"omit":	0,
			"duration":	10,
			"bytes":	0,
			"blocks":	0,
			"reverse":	0,
			"tos":	0
		}
	},
	"intervals":	[{
			"streams":	[{
					"socket":	7,
					"start":	0,
					"end":	1.000161,
					"seconds":	1.0001610517501831,
					"bytes":	948440,
					"bits_per_second":	7586298.2133953217,
					"retransmits":	0,
					"snd_cwnd":	199824,
					"rtt":	180422,
					"rttvar":	25,
					"pmtu":	1500,
					"omitted":	false,
					"sender":	true
				}],
			"sum":	{
				"start":	0,
				"end":	1.000161,
				"seconds":	1.0001610517501831,
				"bytes":	948440,
				"bits_per_second":	7586298.2133953217,
				"retransmits":	0,
				"omitted":	false,
				"sender":	true
			}
		}, {
			"streams":	[{
					"socket":	7,
					"start":	1.000161,
					"end":	2.000124,
					"seconds":	0.99996298551559448,
					"bytes":	20891320,
					"bits_per_second":	167136746.4804962,
					"retransmits":	0,
					"snd_cwnd":	10606600,
					"rtt":	180463,
					"rttvar":	64,
					"pmtu":	1500,
					"omitted":	false,
					"sender":	true
				}],
			"sum":	{
				"start":	1.000161,
				"end":	2.000124,
				"seconds":	0.99996298551559448,
				"bytes":	20891320,
				"bits_per_second":	167136746.4804962,
				"retransmits":	0,
				"omitted":	false,
				"sender":	true
			}
		}, {
			"streams":	[{
					"socket":	7,
					"start":	2.000124,
					"end":	3.000118,
					"seconds":	0.99999397993087769,
					"bytes":	32768000,
					"bits_per_second":	262145578.13450047,
					"retransmits":	0,
					"snd_cwnd":	17252920,
					"rtt":	394799,
					"rttvar":	42636,
					"pmtu":	1500,
					"omitted":	false,
					"sender":	true
				}],
			"sum":	{
				"start":	2.000124,
				"end":	3.000118,
				"seconds":	0.99999397993087769,
				"bytes":	32768000,
				"bits_per_second":	262145578.13450047,
				"retransmits":	0,
				"omitted":	false,
				"sender":	true
			}
		}, {
			"streams":	[{
					"socket":	7,
					"start":	3.000118,
					"end":	4.000085,
					"seconds":	0.99996697902679443,
					"bytes":	11796480,
					"bits_per_second":	94374956.352905,
					"retransmits":	0,
					"snd_cwnd":	17252920,
					"rtt":	697940,
					"rttvar":	854,
					"pmtu":	1500,
					"omitted":	false,
					"sender":	true
				}],
			"sum":	{
				"start":	3.000118,
				"end":	4.000085,
				"seconds":	0.99996697902679443,
				"bytes":	11796480,
				"bits_per_second":	94374956.352905,
				"retransmits":	0,
				"omitted":	false,
				"sender":	true
			}
		}, {
			"streams":	[{
					"socket":	7,
					"start":	4.000085,
					"end":	5.00006,
					"seconds":	0.99997502565383911,
					"bytes":	11796480,
					"bits_per_second":	94374196.93386288,
					"retransmits":	0,
					"snd_cwnd":	17252920,
					"rtt":	700225,
					"rttvar":	1311,
					"pmtu":	1500,
					"omitted":	false,
					"sender":	true
				}],
			"sum":	{
				"start":	4.000085,
				"end":	5.00006,
				"seconds":	0.99997502565383911,
				"bytes":	11796480,
				"bits_per_second":	94374196.93386288,
				"retransmits":	0,
				"omitted":	false,
				"sender":	true
			}
		}, {
			"streams":	[{
					"socket":	7,
					"start":	5.00006,
					"end":	6.000122,
					"seconds":	1.0000619888305664,
					"bytes":	11796480,
					"bits_per_second":	94365990.362612188,
					"retransmits":	0,
					"snd_cwnd":	17252920,
					"rtt":	700288,
					"rttvar":	1233,
					"pmtu":	1500,
					"omitted":	false,
					"sender":	true
				}],
			"sum":	{
				"start":	5.00006,
				"end":	6.000122,
				"seconds":	1.0000619888305664,
				"bytes":	11796480,
				"bits_per_second":	94365990.362612188,
				"retransmits":	0,
				"omitted":	false,
				"sender":	true
			}
		}, {
			"streams":	[{
					"socket":	7,
					"start":	6.000122,
					"end":	7.000092,
					"seconds":	0.999970018863678,
					"bytes":	11796480,
					"bits_per_second":	94374669.459830418,
					"retransmits":	0,
					"snd_cwnd":	17252920,
					"rtt":	700299,
					"rttvar":	1217,
					"pmtu":	1500,
					"omitted":	false,
					"sender":	true
				}],
			"sum":	{
				"start":	6.000122,
				"end":	7.000092,
				"seconds":	0.999970018863678,
				"bytes":	11796480,
				"bits_per_second":	94374669.459830418,
				"retransmits":	0,
				"omitted":	false,
				"sender":	true
			}
		}, {
			"streams":	[{
					"socket":	7,
					"start":	7.000092,
					"end":	8.000117,
					"seconds":	1.0000250339508057,
					"bytes":	11796480,
					"bits_per_second":	94369477.559141234,
					"retransmits":	0,
					"snd_cwnd":	17252920,
					"rtt":	700312,
					"rttvar":	1242,
					"pmtu":	1500,
					"omitted":	false,
					"sender":	true
				}],
			"sum":	{
				"start":	7.000092,
				"end":	8.000117,
				"seconds":	1.0000250339508057,
				"bytes":	11796480,
				"bits_per_second":	94369477.559141234,
				"retransmits":	0,
				"omitted":	false,
				"sender":	true
			}
		}, {
			"streams":	[{
					"socket":	7,
					"start":	8.000117,
					"end":	9.000121,
					"seconds":	1.0000040531158447,
					"bytes":	11796480,
					"bits_per_second":	94371457.501550317,
					"retransmits":	0,
					"snd_cwnd":	17252920,
					"rtt":	700324,
					"rttvar":	1241,
					"pmtu":	1500,
					"omitted":	false,
					"sender":	true
				}],
			"sum":	{
				"start":	8.000117,
				"end":	9.000121,
				"seconds":	1.0000040531158447,
				"bytes":	11796480,
				"bits_per_second":	94371457.501550317,
				"retransmits":	0,
				"omitted":	false,
				"sender":	true
			}
		}, {
			"streams":	[{
					"socket":	7,
					"start":	9.000121,
					"end":	10.000177,
					"seconds":	1.0000560283660889,
					"bytes":	11796480,
					"bits_per_second":	94366552.796233386,
					"retransmits":	0,
					"snd_cwnd":	17252920,
					"rtt":	700310,
					"rttvar":	1216,
					"pmtu":	1500,
					"omitted":	false,
					"sender":	true
				}],
			"sum":	{
				"start":	9.000121,
				"end":	10.000177,
				"seconds":	1.0000560283660889,
				"bytes":	11796480,
				"bits_per_second":	94366552.796233386,
				"retransmits":	0,
				"omitted":	false,
				"sender":	true
			}
		}],
	"end":	{
		"streams":	[{
				"sender":	{
					"socket":	7,
					"start":	0,
					"end":	10.000177,
					"seconds":	10.000177,
					"bytes":	137183120,
					"bits_per_second":	109744553.52140266,
					"retransmits":	0,
					"max_snd_cwnd":	17252920,
					"max_rtt":	700324,
					"min_rtt":	180422,
					"mean_rtt":	565538,
					"sender":	true
				},
				"receiver":	{
					"socket":	7,
					"start":	0,
					"end":	10.698549,
					"seconds":	10.000177,
					"bytes":	134536912,
					"bits_per_second":	100601987.80227113,
					"sender":	true
				}
			}],
		"sum_sent":	{
			"start":	0,
			"end":	10.000177,
			"seconds":	10.000177,
			"bytes":	137183120,
			"bits_per_second":	109744553.52140266,
			"retransmits":	0,
			"sender":	true
		},
		"sum_received":	{
			"start":	0,
			"end":	10.698549,
			"seconds":	10.698549,
			"bytes":	134536912,
			"bits_per_second":	100601987.80227113,
			"sender":	true
		},
		"cpu_utilization_percent":	{
			"host_total":	3.7950232198625118,
			"host_user":	1.6821056099290546,
			"host_system":	2.1129084386472132,
			"remote_total":	0.3832945162989807,
			"remote_user":	0.12372375546708615,
			"remote_system":	0.25956643573382188
		},
		"sender_tcp_congestion":	"cubic",
		"receiver_tcp_congestion":	"cubic"
	}
}
