{
	"start":	{
		"connected":	[{
				"socket":	7,
				"local_host":	"10.1.1.2",
				"local_port":	54578,
				"remote_host":	"10.1.6.2",
				"remote_port":	5201
			}],
		"version":	"iperf 3.7",
		"system_info":	"Linux ip-172-31-23-142 5.11.0-1020-aws #21~20.04.2-Ubuntu SMP Fri Oct 1 13:03:59 UTC 2021 x86_64",
		"timestamp":	{
			"time":	"Fri, 19 Nov 2021 03:39:37 GMT",
			"timesecs":	1637293177
		},
		"connecting_to":	{
			"host":	"10.1.6.2",
			"port":	5201
		},
		"cookie":	"luvvudjx36yoy2rqlubdi4vvry3hmx77oosc",
		"tcp_mss_default":	1448,
		"sock_bufsize":	0,
		"sndbuf_actual":	87380,
		"rcvbuf_actual":	87380,
		"test_start":	{
			"protocol":	"TCP",
			"num_streams":	1,
			"blksize":	131072,
			"omit":	0,
			"duration":	10,
			"bytes":	0,
			"blocks":	0,
			"reverse":	0,
			"tos":	0
		}
	},
	"intervals":	[{
			"streams":	[{
					"socket":	7,
					"start":	0,
					"end":	1.00017,
					"seconds":	1.0001699924468994,
					"bytes":	845632,
					"bits_per_second":	6763906.187036668,
					"retransmits":	0,
					"snd_cwnd":	186792,
					"rtt":	180421,
					"rttvar":	34,
					"pmtu":	1500,
					"omitted":	false,
					"sender":	true
				}],
			"sum":	{
				"start":	0,
				"end":	1.00017,
				"seconds":	1.0001699924468994,
				"bytes":	845632,
				"bits_per_second":	6763906.187036668,
				"retransmits":	0,
				"omitted":	false,
				"sender":	true
			}
		}, {
			"streams":	[{
					"socket":	7,
					"start":	1.00017,
					"end":	2.000079,
					"seconds":	0.999908983707428,
					"bytes":	20891320,
					"bits_per_second":	167145772.9885765,
					"retransmits":	0,
					"snd_cwnd":	9713184,
					"rtt":	180432,
					"rttvar":	83,
					"pmtu":	1500,
					"omitted":	false,
					"sender":	true
				}],
			"sum":	{
				"start":	1.00017,
				"end":	2.000079,
				"seconds":	0.999908983707428,
				"bytes":	20891320,
				"bits_per_second":	167145772.9885765,
				"retransmits":	0,
				"omitted":	false,
				"sender":	true
			}
		}, {
			"streams":	[{
					"socket":	7,
					"start":	2.000079,
					"end":	3.000114,
					"seconds":	1.0000350475311279,
					"bytes":	11796480,
					"bits_per_second":	94368532.615915641,
					"retransmits":	0,
					"snd_cwnd":	16819968,
					"rtt":	697460,
					"rttvar":	372,
					"pmtu":	1500,
					"omitted":	false,
					"sender":	true
				}],
			"sum":	{
				"start":	2.000079,
				"end":	3.000114,
				"seconds":	1.0000350475311279,
				"bytes":	11796480,
				"bits_per_second":	94368532.615915641,
				"retransmits":	0,
				"omitted":	false,
				"sender":	true
			}
		}, {
			"streams":	[{
					"socket":	7,
					"start":	3.000114,
					"end":	4.00012,
					"seconds":	1.0000059604644775,
					"bytes":	11796480,
					"bits_per_second":	94371277.503352746,
					"retransmits":	0,
					"snd_cwnd":	16819968,
					"rtt":	699683,
					"rttvar":	1712,
					"pmtu":	1500,
					"omitted":	false,
					"sender":	true
				}],
			"sum":	{
				"start":	3.000114,
				"end":	4.00012,
				"seconds":	1.0000059604644775,
				"bytes":	11796480,
				"bits_per_second":	94371277.503352746,
				"retransmits":	0,
				"omitted":	false,
				"sender":	true
			}
		}, {
			"streams":	[{
					"socket":	7,
					"start":	4.00012,
					"end":	5.000099,
					"seconds":	0.99997901916503906,
					"bytes":	11796480,
					"bits_per_second":	94373820.041542917,
					"retransmits":	0,
					"snd_cwnd":	16819968,
					"rtt":	700387,
					"rttvar":	1459,
					"pmtu":	1500,
					"omitted":	false,
					"sender":	true
				}],
			"sum":	{
				"start":	4.00012,
				"end":	5.000099,
				"seconds":	0.99997901916503906,
				"bytes":	11796480,
				"bits_per_second":	94373820.041542917,
				"retransmits":	0,
				"omitted":	false,
				"sender":	true
			}
		}, {
			"streams":	[{
					"socket":	7,
					"start":	5.000099,
					"end":	6.000106,
					"seconds":	1.0000070333480835,
					"bytes":	13107200,
					"bits_per_second":	104856862.50518706,
					"retransmits":	0,
					"snd_cwnd":	16819968,
					"rtt":	700433,
					"rttvar":	1129,
					"pmtu":	1500,
					"omitted":	false,
					"sender":	true
				}],
			"sum":	{
				"start":	5.000099,
				"end":	6.000106,
				"seconds":	1.0000070333480835,
				"bytes":	13107200,
				"bits_per_second":	104856862.50518706,
				"retransmits":	0,
				"omitted":	false,
				"sender":	true
			}
		}, {
			"streams":	[{
					"socket":	7,
					"start":	6.000106,
					"end":	7.000103,
					"seconds":	0.99999701976776123,
					"bytes":	11796480,
					"bits_per_second":	94372121.25083819,
					"retransmits":	0,
					"snd_cwnd":	16819968,
					"rtt":	700476,
					"rttvar":	1234,
					"pmtu":	1500,
					"omitted":	false,
					"sender":	true
				}],
			"sum":	{
				"start":	6.000106,
				"end":	7.000103,
				"seconds":	0.99999701976776123,
				"bytes":	11796480,
				"bits_per_second":	94372121.25083819,
				"retransmits":	0,
				"omitted":	false,
				"sender":	true
			}
		}, {
			"streams":	[{
					"socket":	7,
					"start":	7.000103,
					"end":	8.00008,
					"seconds":	0.9999769926071167,
					"bytes":	11796480,
					"bits_per_second":	94374011.299955949,
					"retransmits":	0,
					"snd_cwnd":	16819968,
					"rtt":	700318,
					"rttvar":	1161,
					"pmtu":	1500,
					"omitted":	false,
					"sender":	true
				}],
			"sum":	{
				"start":	7.000103,
				"end":	8.00008,
				"seconds":	0.9999769926071167,
				"bytes":	11796480,
				"bits_per_second":	94374011.299955949,
				"retransmits":	0,
				"omitted":	false,
				"sender":	true
			}
		}, {
			"streams":	[{
					"socket":	7,
					"start":	8.00008,
					"end":	9.000084,
					"seconds":	1.0000040531158447,
					"bytes":	11796480,
					"bits_per_second":	94371457.501550317,
					"retransmits":	0,
					"snd_cwnd":	16819968,
					"rtt":	700455,
					"rttvar":	1236,
					"pmtu":	1500,
					"omitted":	false,
					"sender":	true
				}],
			"sum":	{
				"start":	8.00008,
				"end":	9.000084,
				"seconds":	1.0000040531158447,
				"bytes":	11796480,
				"bits_per_second":	94371457.501550317,
				"retransmits":	0,
				"omitted":	false,
				"sender":	true
			}
		}, {
			"streams":	[{
					"socket":	7,
					"start":	9.000084,
					"end":	10.000145,
					"seconds":	1.00006103515625,
					"bytes":	11796480,
					"bits_per_second":	94366080.351541042,
					"retransmits":	0,
					"snd_cwnd":	16819968,
					"rtt":	700285,
					"rttvar":	1231,
					"pmtu":	1500,
					"omitted":	false,
					"sender":	true
				}],
			"sum":	{
				"start":	9.000084,
				"end":	10.000145,
				"seconds":	1.00006103515625,
				"bytes":	11796480,
				"bits_per_second":	94366080.351541042,
				"retransmits":	0,
				"omitted":	false,
				"sender":	true
			}
		}],
	"end":	{
		"streams":	[{
				"sender":	{
					"socket":	7,
					"start":	0,
					"end":	10.000145,
					"seconds":	10.000145,
					"bytes":	117419512,
					"bits_per_second":	93934247.55341047,
					"retransmits":	0,
					"max_snd_cwnd":	16819968,
					"max_rtt":	700476,
					"min_rtt":	180421,
					"mean_rtt":	596035,
					"sender":	true
				},
				"receiver":	{
					"socket":	7,
					"start":	0,
					"end":	10.699646,
					"seconds":	10.000145,
					"bytes":	114289192,
					"bits_per_second":	85452690.3039596,
					"sender":	true
				}
			}],
		"sum_sent":	{
			"start":	0,
			"end":	10.000145,
			"seconds":	10.000145,
			"bytes":	117419512,
			"bits_per_second":	93934247.55341047,
			"retransmits":	0,
			"sender":	true
		},
		"sum_received":	{
			"start":	0,
			"end":	10.699646,
			"seconds":	10.699646,
			"bytes":	114289192,
			"bits_per_second":	85452690.3039596,
			"sender":	true
		},
		"cpu_utilization_percent":	{
			"host_total":	3.7231113035498247,
			"host_user":	1.551434713459479,
			"host_system":	2.1716857616028573,
			"remote_total":	0.26659930178242047,
			"remote_user":	0,
			"remote_system":	0.266602230350887
		},
		"sender_tcp_congestion":	"cubic",
		"receiver_tcp_congestion":	"cubic"
	}
}
