{
	"start":	{
		"connected":	[{
				"socket":	7,
				"local_host":	"10.1.6.2",
				"local_port":	5201,
				"remote_host":	"10.1.1.2",
				"remote_port":	54592
			}],
		"version":	"iperf 3.7",
		"system_info":	"Linux ip-172-31-23-142 5.11.0-1020-aws #21~20.04.2-Ubuntu SMP Fri Oct 1 13:03:59 UTC 2021 x86_64",
		"sock_bufsize":	0,
		"sndbuf_actual":	87380,
		"rcvbuf_actual":	87380,
		"timestamp":	{
			"time":	"Fri, 19 Nov 2021 03:42:44 GMT",
			"timesecs":	1637293364
		},
		"accepted_connection":	{
			"host":	"10.1.1.2",
			"port":	54590
		},
		"cookie":	"kmixzfakid6nckwa4z6dwoylwvpafeo3mrh2",
		"tcp_mss_default":	0,
		"test_start":	{
			"protocol":	"TCP",
			"num_streams":	1,
			"blksize":	131072,
			"omit":	0,
			"duration":	10,
			"bytes":	0,
			"blocks":	0,
			"reverse":	0,
			"tos":	0
		}
	},
	"intervals":	[{
			"streams":	[{
					"socket":	7,
					"start":	0,
					"end":	1.000121,
					"seconds":	1.000120997428894,
					"bytes":	185344,
					"bits_per_second":	1482572.6125257357,
					"omitted":	false,
					"sender":	false
				}],
			"sum":	{
				"start":	0,
				"end":	1.000121,
				"seconds":	1.000120997428894,
				"bytes":	185344,
				"bits_per_second":	1482572.6125257357,
				"omitted":	false,
				"sender":	false
			}
		}, {
			"streams":	[{
					"socket":	7,
					"start":	1.000121,
					"end":	2.000132,
					"seconds":	1.0000109672546387,
					"bytes":	10406776,
					"bits_per_second":	83253294.939914882,
					"omitted":	false,
					"sender":	false
				}],
			"sum":	{
				"start":	1.000121,
				"end":	2.000132,
				"seconds":	1.0000109672546387,
				"bytes":	10406776,
				"bits_per_second":	83253294.939914882,
				"omitted":	false,
				"sender":	false
			}
		}, {
			"streams":	[{
					"socket":	7,
					"start":	2.000132,
					"end":	3.00011,
					"seconds":	0.99997800588607788,
					"bytes":	31938872,
					"bits_per_second":	255516595.86111838,
					"omitted":	false,
					"sender":	false
				}],
			"sum":	{
				"start":	2.000132,
				"end":	3.00011,
				"seconds":	0.99997800588607788,
				"bytes":	31938872,
				"bits_per_second":	255516595.86111838,
				"omitted":	false,
				"sender":	false
			}
		}, {
			"streams":	[{
					"socket":	7,
					"start":	3.00011,
					"end":	4.000112,
					"seconds":	1.0000020265579224,
					"bytes":	11924280,
					"bits_per_second":	95394046.678438962,
					"omitted":	false,
					"sender":	false
				}],
			"sum":	{
				"start":	3.00011,
				"end":	4.000112,
				"seconds":	1.0000020265579224,
				"bytes":	11924280,
				"bits_per_second":	95394046.678438962,
				"omitted":	false,
				"sender":	false
			}
		}, {
			"streams":	[{
					"socket":	7,
					"start":	4.000112,
					"end":	5.000112,
					"seconds":	1,
					"bytes":	11989440,
					"bits_per_second":	95915520,
					"omitted":	false,
					"sender":	false
				}],
			"sum":	{
				"start":	4.000112,
				"end":	5.000112,
				"seconds":	1,
				"bytes":	11989440,
				"bits_per_second":	95915520,
				"omitted":	false,
				"sender":	false
			}
		}, {
			"streams":	[{
					"socket":	7,
					"start":	5.000112,
					"end":	6.000121,
					"seconds":	1.0000089406967163,
					"bytes":	11924280,
					"bits_per_second":	95393387.116657048,
					"omitted":	false,
					"sender":	false
				}],
			"sum":	{
				"start":	5.000112,
				"end":	6.000121,
				"seconds":	1.0000089406967163,
				"bytes":	11924280,
				"bits_per_second":	95393387.116657048,
				"omitted":	false,
				"sender":	false
			}
		}, {
			"streams":	[{
					"socket":	7,
					"start":	6.000121,
					"end":	7.000075,
					"seconds":	0.9999539852142334,
					"bytes":	11989440,
					"bits_per_second":	95919933.735201567,
					"omitted":	false,
					"sender":	false
				}],
			"sum":	{
				"start":	6.000121,
				"end":	7.000075,
				"seconds":	0.9999539852142334,
				"bytes":	11989440,
				"bits_per_second":	95919933.735201567,
				"omitted":	false,
				"sender":	false
			}
		}, {
			"streams":	[{
					"socket":	7,
					"start":	7.000075,
					"end":	8.000118,
					"seconds":	1.0000430345535278,
					"bytes":	11924280,
					"bits_per_second":	95390134.928132415,
					"omitted":	false,
					"sender":	false
				}],
			"sum":	{
				"start":	7.000075,
				"end":	8.000118,
				"seconds":	1.0000430345535278,
				"bytes":	11924280,
				"bits_per_second":	95390134.928132415,
				"omitted":	false,
				"sender":	false
			}
		}, {
			"streams":	[{
					"socket":	7,
					"start":	8.000118,
					"end":	9.000076,
					"seconds":	0.99995797872543335,
					"bytes":	11989440,
					"bits_per_second":	95919550.661774665,
					"omitted":	false,
					"sender":	false
				}],
			"sum":	{
				"start":	8.000118,
				"end":	9.000076,
				"seconds":	0.99995797872543335,
				"bytes":	11989440,
				"bits_per_second":	95919550.661774665,
				"omitted":	false,
				"sender":	false
			}
		}, {
			"streams":	[{
					"socket":	7,
					"start":	9.000076,
					"end":	10.000122,
					"seconds":	1.0000460147857666,
					"bytes":	11924280,
					"bits_per_second":	95389850.656457737,
					"omitted":	false,
					"sender":	false
				}],
			"sum":	{
				"start":	9.000076,
				"end":	10.000122,
				"seconds":	1.0000460147857666,
				"bytes":	11924280,
				"bits_per_second":	95389850.656457737,
				"omitted":	false,
				"sender":	false
			}
		}, {
			"streams":	[{
					"socket":	7,
					"start":	10.000122,
					"end":	10.698549,
					"seconds":	0.69842702150344849,
					"bytes":	8340480,
					"bits_per_second":	95534448.04636693,
					"omitted":	false,
					"sender":	false
				}],
			"sum":	{
				"start":	10.000122,
				"end":	10.698549,
				"seconds":	0.69842702150344849,
				"bytes":	8340480,
				"bits_per_second":	95534448.04636693,
				"omitted":	false,
				"sender":	false
			}
		}],
	"end":	{
		"streams":	[{
				"sender":	{
					"socket":	7,
					"start":	0,
					"end":	10.698549,
					"seconds":	10.698549,
					"bytes":	0,
					"bits_per_second":	0,
					"sender":	false
				},
				"receiver":	{
					"socket":	7,
					"start":	0,
					"end":	10.698549,
					"seconds":	10.698549,
					"bytes":	134536912,
					"bits_per_second":	100601987.80227113,
					"sender":	false
				}
			}],
		"sum_sent":	{
			"start":	0,
			"end":	10.698549,
			"seconds":	10.698549,
			"bytes":	0,
			"bits_per_second":	0,
			"sender":	false
		},
		"sum_received":	{
			"start":	0,
			"end":	10.698549,
			"seconds":	10.698549,
			"bytes":	134536912,
			"bits_per_second":	100601987.80227113,
			"sender":	false
		},
		"cpu_utilization_percent":	{
			"host_total":	0.3832945162989807,
			"host_user":	0.12372375546708615,
			"host_system":	0.25956643573382188,
			"remote_total":	0,
			"remote_user":	0,
			"remote_system":	0
		},
		"receiver_tcp_congestion":	"cubic"
	}
}
{
	"start":	{
		"connected":	[],
		"version":	"iperf 3.7",
		"system_info":	"Linux ip-172-31-23-142 5.11.0-1020-aws #21~20.04.2-Ubuntu SMP Fri Oct 1 13:03:59 UTC 2021 x86_64"
	},
	"intervals":	[],
	"end":	{
	},
	"error":	"interrupt - the server has terminated"
}
