{
	"start":	{
		"connected":	[{
				"socket":	7,
				"local_host":	"10.1.6.2",
				"local_port":	5201,
				"remote_host":	"10.1.1.2",
				"remote_port":	54578
			}],
		"version":	"iperf 3.7",
		"system_info":	"Linux ip-172-31-23-142 5.11.0-1020-aws #21~20.04.2-Ubuntu SMP Fri Oct 1 13:03:59 UTC 2021 x86_64",
		"sock_bufsize":	0,
		"sndbuf_actual":	87380,
		"rcvbuf_actual":	87380,
		"timestamp":	{
			"time":	"Fri, 19 Nov 2021 03:39:37 GMT",
			"timesecs":	1637293177
		},
		"accepted_connection":	{
			"host":	"10.1.1.2",
			"port":	54576
		},
		"cookie":	"luvvudjx36yoy2rqlubdi4vvry3hmx77oosc",
		"tcp_mss_default":	0,
		"test_start":	{
			"protocol":	"TCP",
			"num_streams":	1,
			"blksize":	131072,
			"omit":	0,
			"duration":	10,
			"bytes":	0,
			"blocks":	0,
			"reverse":	0,
			"tos":	0
		}
	},
	"intervals":	[{
			"streams":	[{
					"socket":	7,
					"start":	0,
					"end":	1.000126,
					"seconds":	1.0001260042190552,
					"bytes":	177080,
					"bits_per_second":	1416461.5198723667,
					"omitted":	false,
					"sender":	false
				}],
			"sum":	{
				"start":	0,
				"end":	1.000126,
				"seconds":	1.0001260042190552,
				"bytes":	177080,
				"bits_per_second":	1416461.5198723667,
				"omitted":	false,
				"sender":	false
			}
		}, {
			"streams":	[{
					"socket":	7,
					"start":	1.000126,
					"end":	2.000108,
					"seconds":	0.99998199939727783,
					"bytes":	9525968,
					"bits_per_second":	76209115.810017511,
					"omitted":	false,
					"sender":	false
				}],
			"sum":	{
				"start":	1.000126,
				"end":	2.000108,
				"seconds":	0.99998199939727783,
				"bytes":	9525968,
				"bits_per_second":	76209115.810017511,
				"omitted":	false,
				"sender":	false
			}
		}, {
			"streams":	[{
					"socket":	7,
					"start":	2.000108,
					"end":	3.000075,
					"seconds":	0.99996697902679443,
					"bytes":	12580224,
					"bits_per_second":	100645115.39965889,
					"omitted":	false,
					"sender":	false
				}],
			"sum":	{
				"start":	2.000108,
				"end":	3.000075,
				"seconds":	0.99996697902679443,
				"bytes":	12580224,
				"bits_per_second":	100645115.39965889,
				"omitted":	false,
				"sender":	false
			}
		}, {
			"streams":	[{
					"socket":	7,
					"start":	3.000075,
					"end":	4.000094,
					"seconds":	1.0000189542770386,
					"bytes":	11924280,
					"bits_per_second":	95392431.905418277,
					"omitted":	false,
					"sender":	false
				}],
			"sum":	{
				"start":	3.000075,
				"end":	4.000094,
				"seconds":	1.0000189542770386,
				"bytes":	11924280,
				"bits_per_second":	95392431.905418277,
				"omitted":	false,
				"sender":	false
			}
		}, {
			"streams":	[{
					"socket":	7,
					"start":	4.000094,
					"end":	5.00005,
					"seconds":	0.99995601177215576,
					"bytes":	11989440,
					"bits_per_second":	95919739.339348823,
					"omitted":	false,
					"sender":	false
				}],
			"sum":	{
				"start":	4.000094,
				"end":	5.00005,
				"seconds":	0.99995601177215576,
				"bytes":	11989440,
				"bits_per_second":	95919739.339348823,
				"omitted":	false,
				"sender":	false
			}
		}, {
			"streams":	[{
					"socket":	7,
					"start":	5.00005,
					"end":	6.000122,
					"seconds":	1.0000720024108887,
					"bytes":	11924280,
					"bits_per_second":	95387371.879256353,
					"omitted":	false,
					"sender":	false
				}],
			"sum":	{
				"start":	5.00005,
				"end":	6.000122,
				"seconds":	1.0000720024108887,
				"bytes":	11924280,
				"bits_per_second":	95387371.879256353,
				"omitted":	false,
				"sender":	false
			}
		}, {
			"streams":	[{
					"socket":	7,
					"start":	6.000122,
					"end":	7.000171,
					"seconds":	1.0000489950180054,
					"bytes":	11970616,
					"bits_per_second":	95760236.22550194,
					"omitted":	false,
					"sender":	false
				}],
			"sum":	{
				"start":	6.000122,
				"end":	7.000171,
				"seconds":	1.0000489950180054,
				"bytes":	11970616,
				"bits_per_second":	95760236.22550194,
				"omitted":	false,
				"sender":	false
			}
		}, {
			"streams":	[{
					"socket":	7,
					"start":	7.000171,
					"end":	8.000078,
					"seconds":	0.99990701675415039,
					"bytes":	11943104,
					"bits_per_second":	95553716.894749865,
					"omitted":	false,
					"sender":	false
				}],
			"sum":	{
				"start":	7.000171,
				"end":	8.000078,
				"seconds":	0.99990701675415039,
				"bytes":	11943104,
				"bits_per_second":	95553716.894749865,
				"omitted":	false,
				"sender":	false
			}
		}, {
			"streams":	[{
					"socket":	7,
					"start":	8.000078,
					"end":	9.000103,
					"seconds":	1.0000250339508057,
					"bytes":	11970616,
					"bits_per_second":	95762530.685517788,
					"omitted":	false,
					"sender":	false
				}],
			"sum":	{
				"start":	8.000078,
				"end":	9.000103,
				"seconds":	1.0000250339508057,
				"bytes":	11970616,
				"bits_per_second":	95762530.685517788,
				"omitted":	false,
				"sender":	false
			}
		}, {
			"streams":	[{
					"socket":	7,
					"start":	9.000103,
					"end":	10.000078,
					"seconds":	0.99997502565383911,
					"bytes":	11943104,
					"bits_per_second":	95547218.229302764,
					"omitted":	false,
					"sender":	false
				}],
			"sum":	{
				"start":	9.000103,
				"end":	10.000078,
				"seconds":	0.99997502565383911,
				"bytes":	11943104,
				"bits_per_second":	95547218.229302764,
				"omitted":	false,
				"sender":	false
			}
		}, {
			"streams":	[{
					"socket":	7,
					"start":	10.000078,
					"end":	10.699646,
					"seconds":	0.699567973613739,
					"bytes":	8340480,
					"bits_per_second":	95378637.2685509,
					"omitted":	false,
					"sender":	false
				}],
			"sum":	{
				"start":	10.000078,
				"end":	10.699646,
				"seconds":	0.699567973613739,
				"bytes":	8340480,
				"bits_per_second":	95378637.2685509,
				"omitted":	false,
				"sender":	false
			}
		}],
	"end":	{
		"streams":	[{
				"sender":	{
					"socket":	7,
					"start":	0,
					"end":	10.699646,
					"seconds":	10.699646,
					"bytes":	0,
					"bits_per_second":	0,
					"sender":	false
				},
				"receiver":	{
					"socket":	7,
					"start":	0,
					"end":	10.699646,
					"seconds":	10.699646,
					"bytes":	114289192,
					"bits_per_second":	85452690.3039596,
					"sender":	false
				}
			}],
		"sum_sent":	{
			"start":	0,
			"end":	10.699646,
			"seconds":	10.699646,
			"bytes":	0,
			"bits_per_second":	0,
			"sender":	false
		},
		"sum_received":	{
			"start":	0,
			"end":	10.699646,
			"seconds":	10.699646,
			"bytes":	114289192,
			"bits_per_second":	85452690.3039596,
			"sender":	false
		},
		"cpu_utilization_percent":	{
			"host_total":	0.26659930178242047,
			"host_user":	0,
			"host_system":	0.266602230350887,
			"remote_total":	0,
			"remote_user":	0,
			"remote_system":	0
		},
		"receiver_tcp_congestion":	"cubic"
	}
}
{
	"start":	{
		"connected":	[],
		"version":	"iperf 3.7",
		"system_info":	"Linux ip-172-31-23-142 5.11.0-1020-aws #21~20.04.2-Ubuntu SMP Fri Oct 1 13:03:59 UTC 2021 x86_64"
	},
	"intervals":	[],
	"end":	{
	},
	"error":	"interrupt - the server has terminated"
}
